{
    "items": [
      {
        "id": 1,
        "title": "Annibale Colombo Bed",
        "description": "The Annibale Colombo Bed is a luxurious and elegant bed frame, crafted with high-quality materials for a comfortable and stylish bedroom.",
        "price": 1899.99,
        "category": "bed",
        "images": 
          "https://cdn.dummyjson.com/products/images/furniture/Annibale%20Colombo%20Bed/1.png"
        
      },
      {
        "id": 2,
        "title": "Annibale Colombo Sofa",
        "description": "The Annibale Colombo Sofa is a sophisticated and comfortable seating option, featuring exquisite design and premium upholstery for your living room.",
        "price": 2499.99,
        "category": "sofa",
        "images": 
            "https://cdn.dummyjson.com/products/images/furniture/Annibale%20Colombo%20Sofa/1.png"
          
      },
      {
        "id": 3,
        "title": "Bedside Table African Cherry",
        "description": "The Bedside Table in African Cherry is a stylish and functional addition to your bedroom, providing convenient storage space and a touch of elegance.",
        "price": 299.99,
        "category": "table",
        "images": 
            "https://cdn.dummyjson.com/products/images/furniture/Bedside%20Table%20African%20Cherry/1.png"    
        
      },
      {
        "id": 4,
        "title": "Knoll Saarinen Executive Conference Chair",
        "description": "The Knoll Saarinen Executive Conference Chair is a modern and ergonomic chair, perfect for your office or conference room with its timeless design.",
        "price": 499.99,
        "category": "chair",
        "images": 
            "https://cdn.dummyjson.com/products/images/furniture/Knoll%20Saarinen%20Executive%20Conference%20Chair/1.png"    
        
      },
      {
        "id": 5,
        "title": "Wooden Bathroom Sink With Mirror",
        "description": "The Wooden Bathroom Sink with Mirror is a unique and stylish addition to your bathroom, featuring a wooden sink countertop and a matching mirror.",
        "price": 799.99,
        "category": "furniture",
        "images": 
            "https://cdn.dummyjson.com/products/images/furniture/Wooden%20Bathroom%20Sink%20With%20Mirror/1.png"
        
      },
      {
        "id": 6,
        "title": "Royal Dining Chair",
        "description": "The Royal Dining Chair combines classic design with modern materials, featuring a sturdy metal frame and a comfortable upholstered seat. The chair’s contoured backrest offers excellent lumbar support, and the high-quality fabric is both durable and easy to clean. This chair is perfect for adding a touch of sophistication to your dining area.",
        "price": 299.99,
        "category": "chair",
        "images": 
            "https://www.taeillo.ng/cdn/shop/files/ode-chair-occasional-chairs-40639242830046_1080x1080.jpg?v=1711050177"
        
      },
      {
        "id": 7,
        "title": "Luna Accent Chair",
        "description": "The Luna Accent Chair is an eye-catching addition to any space with its striking and vibrant geometric pattern. It offers a perfect blend of style and comfort with its cozy cushioning, making it an ideal choice for adding a touch of flair to any room in your home.",
        "price": 299.99,
        "category": "chair",
        "images": 
            "https://img.freepik.com/premium-vector/set-armchair-isolated-white_288453-120.jpg?w=996"
            
        
      },
      {
        "id": 8,
        "title": "The Avalon Chair",
        "description": "The Avalon Chair is a stunning piece of furniture that boasts a sleek and contemporary design. Its padded seat and backrest provide exceptional comfort, making it an ideal addition to any modern living space.",
        "price": 299.99,
        "category": "chair",
        "images": 
            "https://img.freepik.com/free-vector/chair-realistic-illustration_1284-9507.jpg?t=st=1719256654~exp=1719260254~hmac=3acb37f7b7f69992c538e9e0b9246cc7d829cf74a197ca28f04b82baba266985&w=1060"  
        
      },
      {
        "id": 9,
        "title": "Zephyr Armchair",
        "description": "The Zephyr Armchair offers a blend of style and comfort with its plush cushions and elegant wooden frame. Upholstered in premium fabric, this armchair provides exceptional support for the back and arms. Its neutral color palette makes it a versatile addition to any home decor, while the high-density foam ensures lasting comfort.",
        "price": 299.99,
        "category": "chair",
        "images": 
            "https://img.freepik.com/free-psd/armchair-pillow_176382-870.jpg?t=st=1719256300~exp=1719259900~hmac=e631c732ecb67643d91526c37418213858dbb5b1dbb61f5f41aa7b8c145319b3&w=1060"
        
      },
      {
        "id": 10,
        "title": "Comet Reading Chair",
        "description": "The Comet Reading Chair is designed for ultimate comfort and relaxation, making it the perfect addition to your reading nook. ",
        "price": 299.99,
        "category": "chair",
        "images": 
            "https://img.freepik.com/free-photo/picture-frame-with-abstract-art-by-pink-velvet-armchair_53876-128125.jpg?t=st=1719256916~exp=1719260516~hmac=2d2115094e51f271e856cc1ab42ce79d3d19b5c41e2bfcf17c9ef2df226ea123&w=826"
        
      },
      {
        "id": 11,
        "title": "Nova Recliner",
        "description": "The Nova Recliner provides ultimate relaxation with its adjustable reclining mechanism and soft, supportive padding. Featuring a sleek leather finish and a sturdy base, this recliner is perfect for unwinding after a long day. The smooth recline function allows you to find the perfect angle for reading, watching TV, or taking a nap.",
        "price": 299.99,
        "category": "chair",
        "images": 
            "https://img.freepik.com/premium-photo/photo-modern-luxury-arm-chair-furniture-design_763111-22113.jpg?w=1060"
             
      },
      {
        "id": 12,
        "title": "Elysium Platform Bed",
        "description": "The Elysium Platform Bed combines sleek design with functionality, featuring a low-profile frame and built-in storage drawers. The solid wood construction ensures durability, while the upholstered headboard adds a touch of comfort. Perfect for modern bedrooms, this bed provides ample storage space to keep your room tidy and organized.",
        "price": 4999.99,
        "category": "bed",
        "images": 
            "https://as1.ftcdn.net/v2/jpg/04/90/37/92/1000_F_490379208_4nuzrzxHSPo8uPe954muXNEKaPpCAcWA.jpg"  
        
      },
      {
        "id": 13,
        "title": "Orian Coffee Table",
        "description": "The Orion Coffee Table features a minimalist design with a glass top and sleek metal legs. Its spacious surface is perfect for holding books, magazines, and decorative items, while the tempered glass adds a touch of elegance. The sturdy metal frame ensures durability and stability, making it a stylish and practical addition to any living room.",
        "price": 299.99,
        "category": "sofa",
        "images": 
            "https://img.freepik.com/free-psd/modern-living-room-with-sofa-frame-mockup_176382-599.jpg?t=st=1719256849~exp=1719260449~hmac=4af1540a48a0a75b4432fe8586a1548bdd1d58488cdbe57798d28aa4a59721e0&w=1480"
            
        
      },
      {
        "id": 14,
        "title": "Channel Dining Set",
        "description": "Introducing the Channel Dining Set – a perfect marriage of style and dining delight. This meticulously crafted dining set not only provides a comfortable space for meals but also elevates your dining area with contemporary aesthetics.",
        "price": 299.99,
        "category": "table",
        "images": 
            "https://ventofurniture.com/wp-content/uploads/2024/01/Channel-Dining-Set.webp"    
        
      },
      {
        "id": 15,
        "title": "Paris Kad Sofa Set",
        "description": "The Paris Kad Sofa Set, a luxurious addition to any contemporary living space. Crafted with meticulous attention to detail and designed for both style and comfort, this sofa set is sure to elevate the ambiance of your home. .",
        "price": 299.99,
        "category": "sofa",
        "images": 
            "https://ventofurniture.com/wp-content/uploads/2024/02/Paris-Kad-Sofa-Set.webp"   
        
      },
      {
        "id": 15,
        "title": "Paris Kad Dining Set",
        "description": "the Paris Kad Dining Set, a luxurious addition to any dining room or kitchen. Designed with impeccable style and superior craftsmanship, this dining set offers a perfect blend of elegance and functionality.",
        "price": 299.99,
        "category": "table",
        "images": 
            "https://ventofurniture.com/wp-content/uploads/2024/02/Paris-Kad-Dining-Set.webp"    
        
      },
      {
        "id": 16,
        "title": "Zen Console Table",
        "description": "The Zen Console Table offers a simple, elegant design with a smooth wooden surface and clean lines. Ideal for entryways and hallways, this table provides a perfect spot for displaying photos, vases, or other decorative items. The solid wood construction ensures durability, while the minimalist design complements any decor style",
        "price": 1899.99,
        "category": "table",
        "images": 
          "https://elifemate.com/wp-content/uploads/2023/07/BM657.webp"
        
      }
    ]
  }
  